article_id,progress,title,votes,content,answer,category,start,end,proponent
602915,청원진행중,한국산업인력공단에서 주관한 공인중개사 및 기타 시험의 이의제기 프로세스의 실효성 확인 및 반복되는 시험 오류에 대한 원인 공개 및 개선이 필요합니다.,203,"안녕하세요
저는 2021년 32회 공인중개사 시험을 본 수험생 입니다.
저는 이번 공인중개사 시험을 접수시부터 정부홈페이지가 접속이원활하지않다는점부터 시작한 상당한 스트레스를 받았습니다.
마음을 다잡고,
시험을 치른 후 몇몇문제를 지식으로 풀수 있는 문제가 아닌 
예를 들어 공무원이 알아야 할 지정서식 및 규칙(중개사법14번문제,심지어서식과다른문장이맞다고처리되었음에도 이의제기가받아들여지지않음), 
궁극적으로 시험에합격하여 중개업을할때 중개실무와는 해당되지 않는 개념, ""~할 수 있다"" ""~하여야 한다""와 같은 개념의 혼란 등을 주고 있습니다.
저는 한국산업인력공단의 매년있는 출제오류에 관한 무능력함과 수험이있은 이후에 수험생들에게 대처하는 불합리한 내용에 대하여 청원을 올립니다.

1. 공인중개사 시험 접수: 수험생이 몰려 서버가 다운되는 현상으로 최소 4시간 이상 대기를 하였고 시스템에 대한 조치사항
2. 한국산업인력공단의 공인중개사 시험 이의제기 수용에 대한 공정성 
3. 이의제기 수용되지 않은 문제들이 명백한 출제오류이며 법적 근거 또한 명백하지만 왜 받아들여지지 않은것인지에 대한 해명없음
4. 위 3번의 내용대로 명백한법적근거를 가진 오류문제임에도 합격자 발표 후 이의제기에 수용되지 않은 오류문제로 인하여 '행정심판' 또는 '행정소송'을 해야하는 부담감
5. 한국산업인력공단의 패소 이후 항소를 함으로서 받게되는 피해(사건: 서울행정법원 제3부 2020구합73952, 행정심판 및 행정소송 소요기간 최소 2년)

저는 위 5가지 사항에 대하여 불만을 갖고 있습니다.
2021년 8월  9일 오전 9시 32회 공인중개사 시험을 접수 받는다는 소식을 들은 후 오전 8시부터 컴퓨터 앞에서 대기하였으나 접속시 부터 서버가 마비되어
대기가 2~3만명까지 걸리는 현상을 보면서 속이 탈수 밖에 없었습니다.  한국산업인력공단은 기다렸다 하라는 내용 뿐 문제해결을 위한 생각은 전혀 안한다는 생각이들었습니다. IT강국이라는곳의 정부기관홈페이지가 그것도시험접수를위한곳이 다운된다는게 말이되지 않다고 봅니다.
약 3개월 후 32회 공인중개사 시험을 치르게 되었고 가답안으로 채점을 한 후 시험문제에 대한 이의신청을 할 수 있다는 제도를 알게 되었습니다.
총 76문제가 접수가 되었고 그중 4문제가 수용되었는데 저렇게 많은 문제에 오류가 있다는 사실에 놀랐고 한국산업인력공단 및 출제위원들 그리고 전문위원들이 과연 76문제에 대하여 심도있게 고민 후 합격자 발표를 했는지 의심이 들었습니다.
현재 1문제차이로 다시 1년을 공부해야하는 막막함 속에 '행정심판' 또는 '행정소송'을 해야할지 말아야할지 고민하는 분들도 상당수 입니다.
문제의 오류가 확실하면 소송가면 되지 않을까란 생각이 드실수 있지만 최소 2년이란 시간이 소요되고 불합리한 한국산업인력공단의 결과를 받아드리기엔 내년에 시험도 또 이렇겠지라는 불안함을 감출 수 없습니다.
그리고 30회 공인중개사 시험 부동산학개론 오류문제로 인해 2년간 행정심판 및 행정소송으로 승소를 하였지만 항소신청 마지막날 한국산업인력공단은 이유없는 시간끌기용 항소로 인하여 피해를 보시는 많은 분들께 이글을 보시고 힘이 되었으면 합니다.

한국산업인력공단이 진행하는 모든시험의 문제오류에 대한 내용의 관련링크를 조사하였고 매년반복되는 동일한 행태(=출제오류)에 정말 놀라지 않을 수가 없었습니다.
이글을 꼭 보시고 모든 시험의 억울한 수험생들에게 희망을 주셨으면 합니다.
그리고 한국산업인력공단에 문의 하였으나 이의제기 프로세스에 대하여 한사람한사람 대응하면 일 못한다라는 대응은 정말 무책임한 행위라고 말씀드리고 싶습니다.
내년 또 내후년 계속되는 모든국가시험 오류에 대한 한국산업인력공단의 악순환을 끊어주셨으면 합니다.
*아래의 관련링크는 한국산업인력공단 무능력함을 나타내는 기사의 일부입니다.",,육아/교육,2021-12-10,2022-01-09,naver
602916,청원진행중,12억 비과세 양도세 신고일 기준으로 해야합니다!,343,"그동안 집값이 올라감에 따라 빠르게 취득세율을 올려주셨고 반면 양도세혜택은 계속 차일피일 미뤄왔습니다.
현재는 취득세 할부와 양도세 수천 수억을 더해야 겨우 주거 이전이 가능한 상황되었습니다. 

그래도 부득이하게 주거이전을 위해 준비해온 많은 분들이 있습니다. 이분들은 계약은 같아도 갑자기 통과된 12억 비과세 법안으로 누구는 비과세 혜택을 , 누구는 수천만원의 세금을 내야 다른 상황이 벌어졌습니다.

올7월부터 미뤄왔고 내년이라고 했던 12억 비과세 법안으로 갑자기 통과 되어 많은 사람들이 충분히 조정할수 있는 기회를 놓쳤습니다. 

불과 2-3일 차이로 누구는 비과세를 받고 누구는 잔금 조정을 못받아 과세로 몇천만원의 세금을 내야 하는 상황이 되었습니다. 이해할 수 없습니다.

너무 억울합니다. 12월부터 양도세액 신고시 12억 비과세 받을수 있도록 해주세요. 매수인에게 윗돈을 줘서라도 잔금 조정을 받아왔더라면 세금을 아낄 수 도 있었겠지요 그런 방법을 써야 했나요? 그렇게 하고 못하고의 차이가 수천만원 차이의 기준이라면 너무 가혹합니다.

당연히 12월8일 양도세액 신고 할때 즉시 비과세 받을수 있도록 시행 할것이라 생각 했습니다. 기준을 모호하게 맘대로 느닷없이 정해서 몇일 사이에 누구는 받고 누구는 못받고 불공평한 상황이 되었습니다. 갑자기 통과된 법안으로 황당했고 , 즉시시행이라더니 공정치 못한 방식에 억울 합니다 .

12억 비과세를 인정 하기로 했다면, 양도세액 신고일 기준으로 신고와 동시에  비과세 혜택을 받을 수 있도록 해야 합니다.",,행정,2021-12-10,2022-01-09,naver
602917,청원진행중,*** ****는 포항 **공원민간개발사업의 잽도 안되는 사건,524,"민간공원특례사업은 공원지역으로 묶여 있어서 장기간 재산권을 행사할 수 없었던 곳을 민간개발 사업자가 해당지역을 사들여, 전체지역의 30%내에서 아파트 등 공동주택을 건축하여 이로 얻은 이익으로 나머지 70%지역은 공원지역으로 개발하여 지방자치단체에 기부 체납하는 방식의 개발사업으로 매우 좋은 제도입니다. 사업자는 노른자위 땅에 아파트를 건설하여 이득을 취하고, 지방자치단체는 해당지역의 70%에 달하는 지역을 무상으로 얻을 수 있어 서로 윈윈할 수 있는 기회입니다.
이러한 이유로 정부는 무분별한 개발을 막고 정당한 개발이 되도록 『도시공원 및 녹지에 관한 법률』 제21조2항에 기준을 정해 놓고 이를 모두 충족하는 경우에 한한다고 규정하였습니다. 그러나, 포항 **공원 민간개발특례사업은 포항시가 국가의 법률을 어겨가면서까지 특정업체를 일방적으로 지원하는 불법 행위를 하고 있습니다. 공원을 건설하면서 공원녹지법(도시공원 및 녹지에 관한 법률)을 안지키는 게 관공서가 할 일입니까? 

『도시공원 및 녹지에 관한 법률』 제21조2항 ①에는 다음 각호의 기준을 모두 충족하는 경우에 한한다고 되어 있는데, 그 중 ‘전체적인 경관이 훼손되지 아니할 것’ 과 ‘시·군의 조례로 정하는 기준에 적합할 것’이라고 명시되어 있습니다. 

본 사업지 계획은 아예 산 정상을 깎아 산 정상부와 경사면에 35층의 아파트를 짓는 관계로 경관훼손은 물론이고, 시·군의 조례에 전격적으로 위배되는 바, 이를 포항시에 수차례 공문을 통해 법률위반임을 통보하였으나, 어이없게도 시·군의 조례와는 상관이 없다는 황당한 답변으로 시민을 우롱하였습니다. 이의 확인을 위해 국토교통부에 문의한 결과, 『도시공원 및 녹지에 관한 법률』에서 정한 시·군의 조례를 준수하여야 한다는 답변을 받았습니다. 즉, 본 지역은 20도 이상의 경사지가 다수 포함되어 있고, 산지·구릉지의 경사지에는 일정높이 이상의 건축행위가 제한되며, 스카이라인의 보호를 위해 해당지역의 경사도, 수목상태, 경관 등을 종합적으로 고려하여 건축해야 한다고 규정되어 있지만, 포항시는 '시·군의 조례에 따르지 않는다'며 거짓으로 시민을 속여, 포항에서 가장 목이 좋은 장소에 초고층아파트를 짓기위해 이러한 행위를 하였습니다. 
또한, 본 계획의 실시계획 허가시에도 사업자가 비공원지역(아파트건설지역)에 대한 계획을 제출하지도 않았는데도 허가를 해주는 황당한 결정도 했습니다. 이에 대해 이유를 묻자 나중에 확인해도 된다는 어이없는 답변이 있었습니다. 어떻게 서류도 제출하지 않았는데 허가를 할 수 있겠습니까? 
포항시는 우선사업자 선정 시에도 의도적인 채점오류로 특정사업자 지원한 바 있습니다. 사업초기 우선사업자 선정에서 2위업체였던 현 사업자에게 불리한 항목에 대하여 20점 차이의 배점을, 5점 차이로 채점하여 1위업체를 만들어 발표했다가 탈락된 업체가 채점공개를 요청하자, 채점이 잘못되었다며 사업자 선정을 수정하겠다고 한 후 며칠동안 당해 업체의 오류를 찾아내 탈락시키는 조치를 하였습니다. 즉, 비정량평가에서 이미 심의위원들이 사업제안서 검토 및 확인을 마친 후 참여 3업체 모두 문제가 없다고 통보된 후 실시한 정량평가에서, 비정량평가와 전혀 관련없는 공무원이 이미 결정된 업체의 비정량평가의 오류를 찾아내 탈락시킨 것입니다. 또한, 1조500억의 공사에 건설면허도 없는 업체의 참여가 가능토록 조건을 만들기도 했습니다. 포항시는 사업자 자격조건을 특정업체에 맞춘 듯한 자격조건을 세워 의도된 업체를 지원할 수 있도록 하였습니다.  우선사업자에 선정된 문제의 업체는 건설면허도 수년간 반납한 업체이고 실적도 없는 업체였습니다. 이러한 업체가 1조 500억의 공사에 참여시킨다는 게 정상적인 것일까요?

 법치국가의 기본은 법률 준수임을 우리는 누구나 다 알고 있습니다. 하물며 관공서는 누구보다도 먼저 법을 지켜 국가의 질서를 유지시켜야 합니다. 국민 다수를 위한 사업을 특정업체에 혜택을 주기 위한 행동은 당연히 비난받아야 하고, 책임을 져야한다고 생각합니다. 전세계의 모범과 선망의 대상으로 발전하는 대한민국에서 이러한 행위가 일어나고 있다는 것에 분노를 느낍니다. 잘못된 것은 반드시 바로 잡아야 합니다.  정의와 진실이 항상 승리한다고는 생각하지 않습니다. 그러나, 아직 대한민국은 정의와 법치의식이 살아있는 국민이 많다는 것을 보여 주십시요.

 [본 게시물의 일부 내용이 국민 청원 요건에 위배되어 관리자에 의해 수정되었습니다]",,행정,2021-12-10,2022-01-09,naver
602918,청원진행중,미용실 거리제한 만들어주세요!!!!!,2388,"안녕하세요. 대한민국에 이렇게 미용실이 많을줄은 꿈에도 몰랐어요.
월세는 말없이 올라가는데 (대출) 대형샾들이 마무 오픈과 세일을 올리고 있으니 어떻게 작은샾들은 견딜 수가 있고,
아무리 실력과 경력이 있어도 헤쳐나갈수가 있을까요?!!!!!
백미터도 안되게 오픈은 기본이고 바로 마주보면서 오픈하는 미용실 , 이용원이 있으니 어떻게 이런 모습들을 보면서 
아무런 대책도 없이 허가를 내주는지.....
정말 숨이 막히고 답답합니다.
어떻게 대한민국은 거리제한도 아무런 법규도 없을까요?!!!!!",,문화/예술/체육/언론,2021-12-10,2022-01-09,naver
602919,청원진행중,장애학생과 특수교사들의 인권보호를 위해 특수학급에 cctv를 설치해주세요,4009,"[장애학생의 인권과 특수학교 교사의 인권을 CCTV 설치를 통해 지켜주세요]

안녕하세요.저는 용인에 위치한 특수학교 학부모회 회장인  신은주입니다.

우리나라에는 98,154명 특수교육 대상학생이 있습니다.(출처 교육부 2021 특수교육통계) 이 학생들이 12,095 곳의 특수교육기관에서 교육을 받고 있습니다. 

그 중 특수학교는 장애학생과 가족 모두에게는 장애학생의 교육을 위해서 한 줄기 희망의 빛 입니다. 우리나라에서 장애학생의 교육권을 보장하는 가장 적극적이고 효과적인 방법은 특수교육에 참여하는 것입니다.

특히 특수학교에는 다양한 장애를 가진 학생들이 교육을 받고 있습니다. 다양한 학생들이 교육받는 과정에서 크고 작은 문제들이 발생하고 있습니다.

특수교육을 받는 장애학생들의 의사소통 방식이 각자 다르기 때문에 학생과 학생, 학생과 지원자, 학생과 교사와의 다양한 역동이 일어나고 있습니다.
이 과정에서 서로에게 신체적으로 정서적으로 상처가 생기는 경우가 다수 발생하고 있습니다.
이로 인한 불필요한 갈등이 지속적으로 발생하고 있는 것이 교육현장의 현주소입니다.

이러한 갈등과 신변의 문제가 발생했을 때 객관적인 사실이 아닌 각자의 입장에서만 주장만 하는 상황이 지속적으로 발생하고 있습니다. 
이는 모두 객관적인 상황을 공유할 수 없기 때문에 생기는 문제가 대다수입니다.

장애학생의 가족들은 지원자와 교사, 상대학생을 의심하고 잠재적 가해자로 생각하고 문제를 해결할 수 밖에 없는 상황입니다.

특수학교의 CCTV 설치는 장애학생 만을 위한 것이 아니라 곤란한 상황에 처할 수 있는 교사, 교직원, 지원자분들을 위해서도 꼭 필요합니다.

 많은 진통과 반대가 있었지만 [어린이집]에도 아동과 보육교사를 위해 CCTV 설치가 의무화 되었으며, 결과적으로는 모두의 인권을 지키는 순기능적 효과가 더욱더 많았습니다.

 특수학교 CCTV설치를 반대하는 분들은 교권침해와 개인정보침해 등의 문제를 제기하십니다. 하지만 CCTV 열람과 활용을 위해서는 [개인정보보호법]에 의해 절차적으로 완비되어 있습니다. 이에 대한 절차를 준용하여 처리한다면 교권, 인권, 개인정보 보호가 가능할 것입니다.


 다시한번 말씀 드립니다.
2015년 [영유아보육법]이 개정되어 어린이집에 CCTV설치가 의무화되자 헌법소원이 제기되었지만 CCTV설치는 어린이집 안전사고와 아동학대를 방지하기 위한 적합한 조치로 CCTV설치 의무화의 입법목적이 정당하고, CCTV 설치는 영유아보육법의 입법목적을 달성하는 효과가 있음으로 수단의 적합성도 인정된다고 헌법재판소는 판단하였습니다.

 이에 [장애인등 특수교육법] 내에도 CCTV 설치의무화를 강력히 규정하고 이에 대한 법률을 개정해주실 것을 강력히 요청드립니다.

[참고자료 :
1) 교육부, 2021 특수교육통계
2) 전북대학교 교육대학원, 2021, 어린이집 CCTV에 대한 신문기사의 비판적 담론분석

https://www1.president.go.kr/petitions/568312

https://www1.president.go.kr/petitions/505657


▣ 경기도 내 장애학생 폭행 사건 수 (2021.11.30.기준) 
- 경기도 전체

초등학교 25건중 특수학교및 특수학급(일반학교)내 19건
중학교     21건중 특수학교및 특수학급(일반학교)내 13건
고등학교 35건중 특수학교및 특수학급(일반학교)내 25건
전공과    2건중  특수학교및 특수학급(일반학교)내 2건

* 이는 경기도에서만 발생한 폭행사건 건수입니다.",,인권/성평등,2021-12-10,2022-01-09,naver
602920,청원진행중,국가는 국민의 생명을 보호할 의무가 1순위입니다. 코로나 정책을 원점에서 재검토하여 주시기를 요청드립니다.,2621,"최근 2일 연속 코로나 신규확진자가 7,000명대 돌파에 위중증환자 800명대 돌파, 사망자 또한 최다 경신을 이어가고 있습니다.
정부는 12월 6일(월)부터 방역강화 대책을 발표하였으나, 모든 전문가들은 이 대책에 효과에 대해서 아주 미약할 것이며, 1~2주 후에나 방역 대책에 대한 효과가 있다면 영향을 받는다고 합니다.

지금 현재 당장 병상이 없어서 재택치료중(재택치료가 아니 그냥 대기 및 관찰)이거나 병상대기를 기다리다가 안타깝게 사망하시는 분들이 계속 생겨나고 있습니다.
코로나 확진자뿐만 아니라 다른 중환자분들도 병상이 없으니 똑같은 일을 겪고 있다고 합니다.

현재 정부에서 실시하고 백신 및 치료제에 대한 정책들은 전문가들이 이야기하는 의견과는 많이 다른 대책들입니다.
흔히들 공무원은 책상머리에 앉아서 '탁상행정'이나 하는 부류로 치부되는 경우가 많은데 지금이 바로 그 상황입니다.

현장 병원 및 의료진의 의견과 대한민국 국민의 의견 등 모두 듣지 않고 일관성도 형평성도 없는 정책으로 국민들을 사지로 몰아가고 있습니다.

오래전부터 전문가들이 외쳐왔던 코로나 펜데믹 상황을 극복하기 위한 의견들을 종합하여 고하니, 정부는 지금 현재 진행 중인 모든 정책을 원점에서 재검토하여 안타까운 국민들이 사망하지 않고 자영업자분들 및 모든 분들이 하루 빨리 정상적인 생활을 할 수 있도록 검토, 실행해 주시기 바랍니다.

1. 청소년 방역패스, 즉 12~18세까지의 방역패스 정책은 재검토가 이루어져야 합니다.
흔히들 학원과 학교를 비유하더군요. 학교는 식사도 하는 장소이면서 장기간 머무르는 자리이지만    학원은 그렇지가 않습니다. 또한 종교시설 등 다른 업종과의 형평성도 문제가 되는 부분입니다.
무엇보다 청소년들이라면 대부분 다니는 학원에서 백신패스가 이루어진다면 이것은 말그대로 학업을 포기하라는 것과 같은 것입니다. 또한 mRNA백신에 대한 소아, 청소년에 미치는 장기적인 부작용 데이터도 검증이 되지 않은 상태에서 백신패스를 적용하는 것은 탁상행정의 대표적인 사례입니다.

2. 재택치료를 확대하고 생활치료센터를 축소하는 정책 또한 현실과 전혀 맞지 않는 정책입니다.
재택치료가 이루어지는 상황이라면 모르겠지만 지금은 재택치료가 아니라 대기,관찰,방치 수준입니다. 전문가들은 재택치료 확대보다 지금 더 급한 것은 병상확보 문제라고 합니다.
체육관, 컨벤션센터 등을 병상전환하여 코로나 확진자라면 구분없이 치료를 받을 수 있는 환경조성이 급선무인 사항입니다. 병상확보도 이루어지지 않은 상태에서 재택치료자가 갑자기 상황이 나빠진다면 치료도 못 받을텐데 무엇이 급한 불인지 분별있게 판단하여 진행을 요청드립니다.
또한 재택치료의 가족간 전염문제, 병원이송 문제 등 말로는 준비하겠다가 아니라 제대로 된 시스템을 갖춘 후에 확대 고려를 해 주시기 바랍니다.

3. 11월 25일 정부에서는 생활치료센터와 요양병원 등 국내 항체치료제 처방을 확대한다고 발표하였습니다. 그 이후의 현장 상황에 대해서는 혹시 관리, 감독은 하고 있는지요?
일선 병원 및 의료진들 조차 국내에 코로나 항체치료제가 존재하는지도 모르고, 혹시 알고 있더라도 효과를 의심하며 무슨 이유에서인지 제대로 된 처방이 이루어지지 않고 있습니다.
심지어 보건소에서는 코로나 확진자에게 국내에는 코로나 치료제가 없다라고 이야기를 한다고 합니다. 정말 없는냐? 렉키로나주라고 있지 않느냐""라고 물으면 그 때서야 자기소관이 아니라서 발뺌을 한다고 합니다. 이런 일들이 비일비재한 사항입니다.
정부에서는 정책을 수립을 하면 Plan-Do-See라는 기획의 3단계 기본 프로세스조차 실행을 하지 않고 그저 탁상행정에서 나온 정책기획 및 수립만 하면 끝나는 것으로 착각을 하고 있습니다.
이런 상황에서도 현재 많은 국민들이 코로나에 확진되어 제대로 된 치료를 받지 못하고 안타깝게 생명에 위협을 느끼고 있습니다.

4. 정부에서는 내년 초 경구용치료제를 도입하여 재택치료 위주로 적극적으로 처방을 한다고 합니다.
제대로 된 재택치료시스템과 치료제가 있다면 아주 반가운 소식이겠지요.
하지만 실상은 절대로 그렇지가 못합니다. 12월 초 도입하여 국민에게 처방예정인 치료제는 머크의 경구용 치료제로 알고 있습니다.
이 경구용치료제는 초기부터 지금까지 효과와 부작용 이슈에 논란이 되고 있는 치료제입니다.
치료효과가 겨우 30%에 부작용인 선천적기형, 암 등을 유발할 수 있는 기전의 치료제라고 합니다.
이런 이유로 FDA 외부전문가 회의에서도 23명 위원중에서 13명 찬성, 10명 반대하여 가까스로 승인권고를 획득한 약품입니다. 아직 FDA에서 정식승인이 나지 않은 약물입니다.
부작용에 대한 제대로 검증도 되지 않고 효과도 30%밖에 되지 않고 국내 항체치료제보다 가격도 2배 가까이 비싼 이런 약품을 처방한다는 정부에 정책에 절대 반대합니다.

그럴 바에는 국내 항체치료제를 처방할 수 있는 환경조성과 선제적 처방확대를 통한 정책이 훨씬 더 효과적일 것입니다. 아니면 항체치료제 처방을 하면서 추후 나올 화이자의 치료제를 적극처방 확대하는 것이 차선의 정책이 될 수도 있겠지요

5. 현재 국내에서는 ****이라는 회사가 개발한 코로나 항체치료제가 있습니다.
이 치료제의 국내 항체치료제 처방대상이 50세 초과 및 18세 이상 기저질환자 대상인데도 이 조차도   제대로 지켜지지 않고 있습니다. 똑같은 기전의 항체치료제가 미국에서는 소아, 청소년 및 모든 연령층에 적극적으로 처방이 되고 있고, 그 효과 또한 아주 좋아서 정부, 환자 모두 만족하고 있다고 합니다. 하지만 국내에서는 많은 생명을 구할 수 있는 치료제임에도 처방대상과 소극적인 질병청과 식약처의 태도로 80% 이상의 국민들이 코로나 치료제가 있다는 사실조차 모르고 있는 형국입니다.
모든 전문가들이 위급한 이 시기에 위중중 환자와 사망자를 빨리 줄일 수 있는 방법은 국내 회사에서 개발한 항체치료제 밖에 없다고들 합니다. 신속한 대책마련을 해 주시기 바랍니다.

6. 2일 연속 코로나 확진자 7,000명대, 위중증환자 800명대, 말 그대로 비상시국 상황입니다.
 앞서 언급드린 대로 기존 방역대책으로는 지금 이 순간을 타개해 나갈 수가 없습니다.
신속한 추가 방역강화 대책이 절실한 부분입니다. 2년여 가까이 코로나와 사투를 벌이는 의료진들과  치료조차 받지 못하고, 병상대기 중에 사망하는 국민들을 그냥 바라보고만 계실겁니까?
지금 이 순간을 해결할 수 있는 것이 급선무입니다. 정책의 결정에 따라 피해?를 보시는 분들 또한 존재하겠지요. 하지만 무엇이 최선이고 무엇이 급선무인지가 더 중요한 시점입니다. 

촛불로 탄생한 이 정부는 이제라도 현장의료진과 국민의 의견에 귀를 기울여 정책을 원점에서 재검토하고 현장 의료진의 의견을 적극반영하여 작금의 어려운 상황을 빨리 해결해 주시기를 바랍니다.

 [본 게시물의 일부 내용이 국민 청원 요건에 위배되어 관리자에 의해 수정되었습니다]",,보건복지,2021-12-10,2022-01-09,naver
602921,청원진행중,백신접종후 암에걸린 남편의 억울함을 풀어주세요,2010,저히 남편은 지난 8월24일 화이자 1차 백신접종후 일주일도 않되 극심한 허리통증과 걷지를 못해 집근처 종합병원에서 mri 검사후 림프종 의심이란 진단이 나왔습니다 평소 혈압이 조금높은것 말곤 건강한 남편이였습니다 설마설마 하며 아닐거라고 마음을 다잡고 서울병원으로 의뢰를 했고 한달넘게 검사하는 긴 기다림속에 천국과 지옥을 수십번씩 다녀가며 눈물로 하루하루를 지내며 결국 림프종4기라는 청천벽력 같은 소리를 들었습니다 4기라는 진단을 받을정도면 그간 어떠한 증상이라도 있을법도 한데 애아빤 너무 건강했고 건강검진에서도 별 소견은 없었습니다 병원측에서도 특이한 경우라고 말씀을 하시더라구요 저히는 한 나라의 국민이기에 백신의 대한 두려움과 무서움이 있었지만 나라를 믿었기에 정부의 뜻에따라 제 날짜에 접종을 했습니다 하지만 결국 돌아온건 무서운 병 뿐이였습니다 아이들이 이제 14살과 6살 입니다 늘 주말이면 아빠와 시간을 보내던 아이들이 언제부터인가 혼자 놀이를 하며 아빠가 빨리 낫기만을 바라고 있습니다 이젠 무섭습니다 하루하루를 병과 싸우는 애아빠를 보면 눈물만 나고 가슴이 아파 죽을것 같지만 그래도 지금 이상황을 이겨나가야 하기에 전 오늘도 힘을 내봅니다 자식이 무섭고 두러움에 있다면 부모는 당연 자식을 품어주고 보듬어 줍니다 국민들이 국부를 선출했다면 그건 국부를 믿었고 지켜줄거라 생각했기 때문입니다 제발 백신의 대하여 제대로 된 판단을 내려주시길 간곡히 부탁드리고 더이상은 우리들과 같은 가슴아픈 일들이  일어나지 않도록 검토해주시길 바라며 주변의 고통받아 눈물로 지새우는 많은분들과 애아빠의 억울한 고통을 해결해주시길 부탁드립다,,보건복지,2021-12-10,2022-01-09,kakao
602922,청원진행중,뷔페식당 손실보상 연매출기준 현실화 해주세요,233,"뷔페 식당을 운영합니다.
2018년 인수받아 적자상태로 어렵게 운영하다가 지역사회에 인지도를 높이고 입지를 다지며 2019년 말 겨우 흑자 전환하려고 할때 코로나를 만났습니다.코로나만 끝나면 경쟁력 있는 식당으로 자신 있었기에 집도 팔고 대출도 받아 버티고 버텼습니다. 방역수칙과 인원.시간제한도 ..뷔페식당이 고위험시설로 지정되면서 매출이  바닥을 치며 때론 매장문을 닫고 무서운 임대료와.관리비 그리고 함께하던 직원들 급여까지도 죽을 힘을 다해 버텼습니다.
2019년 월매출 2-3억이지만 직원 급여만 8천~1억.높은 식자재 원가.300석 규모의 매장 임대료만 수천만원이었습니다.
그래도 힘들게 자리잡아 가던  뷔페 식당은 코로나 이후 희망을 붙잡고 버텼습니다.
때로는 어마어마하게 쌓인 대출금에 두려웠고 생활비가 바닥나 눈앞이 깜깜해져 공황장애와 불안증으로 잠 못이루고 고통스러운 시간을 보냈습니다.

손실보상 해준다는 말에 또 희망을 걸었습니다.
다는 아니더라도 2년간 피말리며 버텨온 최소한의 보상이라도 받고 싶었습니다.

그런데 손실보상 기준 음식점은 연매출 10억이하만 해당되기에 보상을 안해준다고 합니다.직원 월급만 연10억인 뷔페업종의 특성과 현실은 무참히 짓밟혔습니다.
뷔페식당은 몇명의 직원으로 운영이 될까요?
20평 30평 규모로 가능하기나 할까요? 

고위험시설이라고 까다로운 규제로 매출은 반의 반토막이 났건만 현실감 없이 매출규모로만 손실보상에서 제외되어 단돈 10원의 보상도 없다는 생각과 억울한 마음은 코로나 그 어느 때보다도 힘이 듭니다.
정말 억울해서 죽고 싶은 심정입니다.
그 어느 업종보다도 큰 손실을 입고 버티는게 맞는건지 되물으며 정부를 믿고 기다린 2년입니다.

또다시 터진 위드코로나 상황에서의 감염자수 급증으로 뷔페는 여전히 8인이상 집합금지로 쓸쓸한 연말을 보내고 있습니다. 폐업후엔 그동안 쌓인 대출금으로 길바닥에 나앉아야 하는 상황이라 폐업은 꿈도 못꾸고 하루하루 버티기를  하고 있지만 과연 우리에게 희망이 있을까 의심스럽습니다. 
방역수칙 지키고 정부에서 하라는대로 정직하게 하다가는 후회하는건 아닌지 하는 마음까지도 들썩입니다. 
그동안 믿고 방역수칙을 따라 정직하게 매장을 운영한 신뢰를 꺾지 말아주세요.

뷔페식당 연매출액 기준을 현실화하고 억울하게 쓰러지는 자영업자들이 없도록 도와주세요.",,기타,2021-12-10,2022-01-09,naver
602923,청원진행중,국내 SNS와 커뮤니티에 대한 검열을 남발하는 'n번방 방지법' 개정을 촉구합니다.,16460,"지난해 국회를 통과한 'n번방 방지법'으로 인해 12월 10일부터 카카오톡 등 국내 SNS와 커뮤니티 사이트의 모든 게시물들이 사전 검열되는 조치가 이뤄졌습니다. 그러나 해당 조치가 과도한 인터넷 검열이라는 비판이 터져나오고 있습니다.

국민들이 커뮤니티에 올린 모든 게시물을 검열하는 것은 어떤 목적이건 간에 표현의 자유를 침해하는 중대한 문제입니다. 이는 또한 헌법 제18조에 명시된 ""모든 국민은 통신의 비밀을 침해받지 아니한다""에 정면으로 위배되기도 합니다. 

커뮤니티 이용자뿐만 아니라 국내 커뮤니티 사업자에 대한 피해도 우려됩니다. n번방 방지법에 저촉되는 게시물을 올리면 당사자 뿐만 아니라 관리자나 경영진까지 처벌받게 됩니다. 이는 표현의 자유를 위축시키며 커뮤니티 사업자가 스스로 검열 기준을 강화하는 자기검열의 악순환을 낳게 됩니다. 

커뮤니티를 검열하는 기술을 신뢰할 수 있을지도 의문입니다. 정부에서 개발한 불법쵤영물을 검열하는 기술은 나온 지 4개월밖에 지나지 않았습니다. 멀쩡한 영상물을 불법촬영물로 인식하여 검열당하는 오류도 충분히 발생할 수 있습니다.

방통위는 ""오픈채팅방 등 공개된 정보만 검열에 포함된다""면서 사적검열이 아니라는 궤변을 펼치고 있습니다. 그러나 이 법으로 규제받아야할 n번방 사건의 주범들은 해외 SNS인 텔레그램에 숨어서 범죄를 저질렀습니다.  n번방 방지법은 국내 SNS만을 단속하므로 이 법은 정작 막아야 할 제2의 n번방 사건을 전혀 막을 수 없다는 뜻입니다. 

한국은 이미 https 차단으로 중국에 버금가는 인터넷 검열 국가가 되었습니다. 그러나 이에 만족하지 못하고 모든 국민의 게시물 내용을 들여다보겠다는 정부의 욕망은 충격적이기까지 합니다. 

정부에 강력히 촉구합니다. 제2의 n번방 사태는 막지 못하면서 국민의 표현의 자유를 침해하는 악법 'n번방 방지법'을 조속히 개정하여 주십시오.",,인권/성평등,2021-12-10,2022-01-09,naver
602924,청원진행중,"횡단보도 보행 중 우회전 차량 주행 사망 사고를 막기 위해, 더욱 강한 법률제정 요청 드립니다.",11887,"안녕하세요. 12월 4일 경남 창원에서 발생한 '신호등 무시 우회전' 덤프트럭에 의해 사망한 11살 ***군 유가족입니다. 사고 이후 마음을 추스르며 행정기관, 지자체, 언론의 도움을 통해 다시는 재발하지 않도록 노력해 보고 있지만, 법률 제정 문제는 저희 가족만의 노력으로는 쉽지 않았기에 이렇게 국민청원 글을 남겨봅니다.

[횡단보도 앞 우회전 차량 진입 시, 일시 정지 의무화, 위반 시 처벌 강화]
동생이 하늘나라로 떠난 후 다시는 이런 일이 일어나지 않기를 바랬지만 12월 8일 인천에서도 초등학생의 똑같은 사망사고가 발생하였습니다. 지난해 기준 우회전하는 차량에 치여 숨진 사망자 수가 95명에 달했다고 합니다. 보행자가 마땅히 보호받아야 할 횡단보도에서의 사고 사례는 왜 점점 늘어가고 있는지. 동생을 보낸 슬픔 마음 한 편에는 원망과 분노가 가득합니다.

언론을 통해 지방자치단체, 경찰청, 교육청 등에서 ‘횡단보도 위치 조정, 안전시설물 설치, 이외에도 기타 안전대책은 마련하겠다.’라는 기사를 접하긴 하였으나, 실질적 사고를 막을 운전자에 대한 재발방지 교육 및 선진교통 문화 확립에는 상당한 노력이 필요할 것이라 생각됩니다.
내년부터 위반 시 벌금 및 벌점이 부과된다 하지만 규제의 세기를 조금 더 강화하여 운전자들에게 경각심을 고취하고 조심성을 널리 알려야 한다고 생각합니다. 사고 발생 방지를 위하여 우회전 전용신호등 설치 의무화, 횡단보도 간 간격 확대, 방지턱 설치 등과 같은 해결책과 함께 외국의 경우처럼 교차로에서 우회전 차량은 의무 정지 후 출발과 같은 시행 규칙을 실시한다면 사고 발생률을 확실히 줄일 수 있을 것이라 생각됩니다.

[횡단보도 보행 중 사망 사고 발생 시, 특별가중처벌법 제정]
현행 도로 교통법상 교차로에서 우회전하는 차량은 보행자 신호등이 녹색이어도 횡단보도를 지나가는 보행자가 없다면 서행해 통과할 수 있고, 교통사고가 나면 보행자 보호 의무 위반으로 '12대 중과실'에 해당되어 보험 처리 여부와 상관없이 형사처벌을 받게 된다고 되어있습니다.

하지만 신호 위반, 횡단보도 앞 정지 의무 위반, 사망사고를 냈는데도 지난 2년간의 판례를 보면 대부분 집행유예로 끝났기에 이번 사건도 비슷한 처벌이 진행될 가능성이 매우 높을 것 같습니다. 

매년 수십 건의 솜방망이 처벌의 결과는 제 동생 사망사고를 야기했으며, 또 앞으로의 잠재적 사고도 똑같은 결과의 반복일 것이라 생각합니다. 아이러니하게도 횡단보도 신호를 무시하여 사고를 낸 운전자가, 무단횡단 사고를 낸 운전자보다 가벼운 처벌을 받는 경우가 생긴다고 합니다..
수 없이 발생하는 횡단보도 보행 중 사망사고가 얼마나 더 발생해야 하고 이러한 사고로 인해 얼마나 더 슬퍼해야 할까요? 매년 줄어드는 교통사고 사망자 수에 비해 우회전 교통사고는 해마다 증가하는 역설적인 상황이 나타나고 있는데도 2022년 추가되는 단속 및 처벌의 정도가 미비합니다. 일반 시민들이 횡단보도안에서도 보호받지 못한다면 보행자는 어디로 가야 하고, 언제까지 불안함을 가지며 지나가야 할까요?

1. 횡단보도 앞 우회전 차량 진입 시, 일시 정지 의무화, 위반 시 처벌 강화 
2. 횡단보도 보행 중 사망 사고 발생 시, 특별가중처벌법 제정 요청드립니다.

세상을 바꾸는 힘은 국민에게 있다는 글을 보며 용기 내어 글을 올렸습니다. ‘당장은 바뀌지 않더라도, 끝내 바뀔 수 있다‘라는 말을 기억하고 또 마음에 새기며 살아가겠습니다. 작은 변화에 여러분의 도움을 주십시오. 
감사합니다.

 [본 게시물의 일부 내용이 국민 청원 요건에 위배되어 관리자에 의해 수정되었습니다]",,안전/환경,2021-12-10,2022-01-09,naver
582349,답변완료,나경원 자한당 원내대표의 각종 의혹에 대한 특검 요청!,365040,"나경원 자한당 원내대표의 각종 의혹ㆍ논란들이
일파만파 번지고 있습니다.

야권정치인의 실세인만큼 의혹이 말끔히 해소되려면
야당이 그토록 강조하는 정치적 중립성을 보다 강조하기 위해서는 현정권의 하에 있는 검찰보다 나경원 의원이 좋아하는 특검을 설치하여 모든 의혹을 말끔히 해소하는게 나경원 원내대표도 바라마지 않을것입니다.

이에 특검수사를 요청합니다.","다음은 나경원 자유한국당 원내대표의 각종 의혹에 대해 특검을 요청하신 청원에 대해 답변드리겠습니다.
본 청원은 8월 28일부터 한 달간 36만 여명의 국민께서 동의해 주셨습니다.

청원의 계기가 된 것은 누리꾼 사이에서 불거진 나경원 의원의 자녀에 대한 의혹입니다. 국적 의혹, 논문의 제1저자 특혜 의혹 등과 관련된 다수의 언론 보도가 있었습니다.

청원인께서는 나경원 자유한국당 원내대표가 야권의 대표 정치인인만큼 정치적 중립성을 보장하기 위해 특별검사를 통해 의혹을 말끔히 해소할 필요가 있다고 주장하셨습니다.

먼저 청원인께서 요구하신 특별검사제도에 대하여 설명드리겠습니다.

특별 검사 제도는, 주로 고위 공직자의 비리 또는 위법 혐의가 발견되었을 때 그 수사와 기소를 정권의 영향을 받을 수 있는 정규 검사가 아닌 ‘독립된 변호사’로 담당하게 하는 제도입니다.
특별 검사 제도는 특정 사건에 한정하여 검찰 등 행정부와는 독립된 사람에게 수사 및 기소 등 검사 역할을 수행하도록 하는 제도입니다.

우리나라의 특검제는 정치적 사건이나 권력형 범죄와 비리 사건에서 나타난 검찰 수사의 소극성 또는 편향성에 대한 제도적 보완으로 1988년 당시 야당이던 평화민주당에 의해 처음 제기되었습니다. 그 이후 10년 이상의 논의를 거쳐 1999년에 특검제가 도입되었습니다. 또한 2014년에는 상설 특검을 도입하는 내용을 담은 ‘특별검사의 임명 등에 관한 법률’이 제정되었습니다.

특검은 △ 국회가 정치적 중립성과 공정성 등을 이유로 특별검사의 수사가 필요하다고 판단하여 본회의에서 의결하거나 △ 법무부 장관이 정부 고위공직자의 비리를 대상으로 이해관계 충돌이나 공정성 등을 이유로 특검의 수사가 필요하다고 판단할 경우 발동될 수 있습니다. 후자의 경우, 다시 말해 법무부 장관이 특검 여부를 판단하는 경우, 법무부 장관은 반드시 검찰총장의 의견을 들어야 합니다.

본 청원의 경우, 청원인께서는 나경원 자유한국당 원내대표의 자녀관련 의혹을 밝히는 특검을 요구하셨습니다. 그러나 본 건과 관련해 특별검사의 도입 여부는 국회에서 논의하여 결정해야 할 사안입니다. 법무부 장관이 정부와 무관한 사안에 대해 특검을 발동할 수는 없기 때문입니다.

지난 9월 한 시민단체는 나경원 자유한국당 의원의 ‘자녀입시 의혹’과 관련하여 검찰에 이를 고발하였습니다. 그 이후 본 사건은 현재 검찰에서 수사 중입니다. 따라서 검찰의 수사 결과를 지켜봐야 하는 상황입니다.

최근 부모의 특권적 지위를 이용하여 입시제도에서 혜택을 받은 경우에 대해 국민적 우려는 물론, 입시제도에서의 공정성, 사회적 불평등 해소에 대한 국민의 요구가 높습니다. 이러한 국민의 목소리를 반영하여 교육부에서는 학생부종합전형 전면 실태조사를 엄정하게 추진하고 있으며, 나아가 고교 서열화 해소를 위한 방안 등 입시제도 개편안을 준비하고 있습니다.

또한 국회에서도 최근『국회의원 자녀의 대학입학전형과정 조사에 관한 특별법』『고위공직자 자녀 입시비리 조사를 위한 특별법』등 관련 법안이 발의되었습니다. 이 법안은 입시비리에 대한 전수조사 특별위원회를 구성하여 고위공직자의 자녀에 대한 특혜를 조사하고 결과에 따라 고발 및 수사요청, 감사원 감사요구 등을 실시하는 내용 등을 담고 있습니다.

정부는 본 청원을 계기로 국회의원을 비롯한 사회 특권층, 그리고 이들 자녀의 입시 특혜 등 다양한 불공정에 대한 국민적 우려와 공정에 대한 강력한 열망을 다시 한 번 절감하였습니다. 이 점에 대해 청원인과 청원에 참여해 주신 국민께 깊이 감사드립니다.

정부는 우리 사회에 만연한 특권과 반칙, 불공정을 없애고, 나아가서 제도에 내재 된 합법적인 불공정과 특권까지 근본적으로 바꿔낼 수 있도록 더욱 노력하겠습니다.

오늘 답변은 여기서 마치겠습니다. 감사합니다.",정치개혁,2019-08-28,2019-09-27,naver
10,error,,0,"Message: 
Stacktrace:
#0 0x5596011e5623 <unknown>
#1 0x559600eecd43 <unknown>
#2 0x559600f225f0 <unknown>
#3 0x559600f56337 <unknown>
#4 0x559600f3f5fd <unknown>
#5 0x559600f540ac <unknown>
#6 0x559600f3f9e3 <unknown>
#7 0x559600f16c0c <unknown>
#8 0x559600f180d5 <unknown>
#9 0x559601209954 <unknown>
#10 0x559601218f6d <unknown>
#11 0x559601218c8b <unknown>
#12 0x5596012195b2 <unknown>
#13 0x559601251e8b <unknown>
#14 0x559601219811 <unknown>
#15 0x5596011fe831 <unknown>
#16 0x559601222218 <unknown>
#17 0x5596012223aa <unknown>
#18 0x55960123c3bf <unknown>
#19 0x7f2f2de396db <unknown>
",,,,,
